,Country/Region,pca_kmeans
0,Belarus,0
1,Bolivia,0
2,Brazil,0
3,Canada,0
4,Chile,0
5,Colombia,0
6,Cyprus,0
7,Ecuador,0
8,El Salvador,0
9,Finland,0
10,Greece,0
11,Honduras,0
12,Ireland,0
13,Latvia,0
14,Lebanon,0
15,Lithuania,0
16,Luxembourg,0
17,Mexico,0
18,Monaco,0
19,Mongolia,0
20,New Zealand,0
21,Nicaragua,0
22,Panama,0
23,Poland,0
24,Puerto Rico,0
25,Russia,0
26,Serbia,0
27,Slovenia,0
28,Turkey,0
29,United Arab Emirates,0
30,United Kingdom,0
0,Afghanistan,1
1,Angola,1
2,Bangladesh,1
3,Barbados,1
4,Benin,1
5,Bhutan,1
6,Burkina Faso,1
7,Cambodia,1
8,Cameroon,1
9,Central African Republic,1
10,Chad,1
11,Cote d'Ivoire,1
12,Egypt,1
13,Ethiopia,1
14,Gabon,1
15,"Gambia, The",1
16,Grenada,1
17,Guinea,1
18,Haiti,1
19,India,1
20,Liberia,1
21,Madagascar,1
22,Morocco,1
23,Mozambique,1
24,Nepal,1
25,Niger,1
26,Nigeria,1
27,North Macedonia,1
28,Pakistan,1
29,Papua New Guinea,1
30,Rwanda,1
31,Senegal,1
32,Somalia,1
33,Sri Lanka,1
34,Timor-Leste,1
35,Togo,1
36,Zambia,1
0,Albania,2
1,Algeria,2
2,Armenia,2
3,Austria,2
4,Azerbaijan,2
5,Bosnia and Herzegovina,2
6,Bulgaria,2
7,China,2
8,Croatia,2
9,Cuba,2
10,Dominica,2
11,Estonia,2
12,French Guiana,2
13,Georgia,2
14,Greenland,2
15,Guatemala,2
16,Hungary,2
17,Indonesia,2
18,Iran,2
19,Italy,2
20,Jamaica,2
21,Jordan,2
22,Kazakhstan,2
23,Kyrgyzstan,2
24,Malaysia,2
25,Mauritius,2
26,Moldova,2
27,Montenegro,2
28,Paraguay,2
29,Peru,2
30,Philippines,2
31,Portugal,2
32,Romania,2
33,Slovakia,2
34,South Africa,2
35,Thailand,2
36,Trinidad and Tobago,2
37,Ukraine,2
38,Uzbekistan,2
39,Venezuela,2
40,Vietnam,2
0,Argentina,3
1,Australia,3
2,"Bahamas, The",3
3,Belgium,3
4,Costa Rica,3
5,Czechia,3
6,Denmark,3
7,France,3
8,Germany,3
9,Iceland,3
10,Israel,3
11,Japan,3
12,Kuwait,3
13,Malta,3
14,Netherlands,3
15,Norway,3
16,Oman,3
17,Qatar,3
18,Saudi Arabia,3
19,Singapore,3
20,Spain,3
21,Sweden,3
22,Switzerland,3
23,Uruguay,3
24,US,3
0,Antigua and Barbuda,4
1,Brunei,4
2,Cabo Verde,4
3,Cape Verde,4
4,Congo (Brazzaville),4
5,Djibouti,4
6,Equatorial Guinea,4
7,Eritrea,4
8,Eswatini,4
9,Fiji,4
10,Ghana,4
11,Guam,4
12,Guyana,4
13,Iraq,4
14,Kenya,4
15,Liechtenstein,4
16,Mauritania,4
17,Namibia,4
18,Republic of the Congo,4
19,Seychelles,4
20,Sudan,4
21,Suriname,4
22,Syria,4
23,Tanzania,4
24, Bahamas,4
25,Gambia,4
26,Tunisia,4
27,Uganda,4
28,Zimbabwe,4
